{"cameraMode":{"drawMode":0,"name":"Shaded","section":"Shading Mode"},"sceneLighting":false,"audioPlay":false,"sceneViewState":{"showFog":true,"showMaterialUpdate":false,"showSkybox":false,"showFlares":true,"showImageEffects":true,"showParticleSystems":true},"in2DMode":false,"pivot":{"x":9.79449462890625,"y":1.73382568359375,"z":-0.04296875},"rotation":{"x":0.16601984202861787,"y":0.11772323399782181,"z":-0.019945940002799035,"w":0.9788873791694641},"size":8.805281639099121,"orthographic":true}