{"cameraMode":{"drawMode":0,"name":"Shaded","section":"Shading Mode"},"sceneLighting":true,"audioPlay":false,"sceneViewState":{"showFog":true,"showMaterialUpdate":false,"showSkybox":true,"showFlares":true,"showImageEffects":true,"showParticleSystems":true},"in2DMode":false,"pivot":{"x":4.835967063903809,"y":-2.013608932495117,"z":7.359372138977051},"rotation":{"x":-0.2037915736436844,"y":0.39676159620285036,"z":-0.09082534164190293,"w":-0.8904385566711426},"size":46.99633026123047,"orthographic":true}