{"cameraMode":{"drawMode":0,"name":"Shaded","section":"Shading Mode"},"sceneLighting":false,"audioPlay":false,"sceneViewState":{"showFog":true,"showMaterialUpdate":false,"showSkybox":true,"showFlares":true,"showImageEffects":true,"showParticleSystems":true},"in2DMode":false,"pivot":{"x":3.8199996948242189,"y":1.5520024299621583,"z":0.0},"rotation":{"x":0.08030976355075836,"y":-0.009867202490568161,"z":0.0007952215964905918,"w":0.9967208504676819},"size":10.35759449005127,"orthographic":false}