{"cameraMode":{"drawMode":0,"name":"Shaded","section":"Shading Mode"},"sceneLighting":false,"audioPlay":false,"sceneViewState":{"showFog":true,"showMaterialUpdate":false,"showSkybox":true,"showFlares":true,"showImageEffects":true,"showParticleSystems":true},"in2DMode":false,"pivot":{"x":0.06650006771087647,"y":6.203499794006348,"z":0.22999954223632813},"rotation":{"x":0.24769552052021027,"y":0.2563769817352295,"z":-0.06815114617347717,"w":0.9318117499351502},"size":4.606608867645264,"orthographic":false}