{"cameraMode":{"drawMode":0,"name":"Shaded","section":"Shading Mode"},"sceneLighting":false,"audioPlay":false,"sceneViewState":{"showFog":true,"showMaterialUpdate":false,"showSkybox":true,"showFlares":true,"showImageEffects":true,"showParticleSystems":true},"in2DMode":false,"pivot":{"x":-0.9800000190734863,"y":4.519465446472168,"z":59.4900016784668},"rotation":{"x":0.07486118376255036,"y":-0.891814112663269,"z":0.16034941375255586,"w":0.4163549542427063},"size":17.204458236694337,"orthographic":false}