{"cameraMode":{"drawMode":0,"name":"Shaded","section":"Shading Mode"},"sceneLighting":false,"audioPlay":false,"sceneViewState":{"showFog":true,"showMaterialUpdate":false,"showSkybox":true,"showFlares":true,"showImageEffects":true,"showParticleSystems":true},"in2DMode":false,"pivot":{"x":3.078646183013916,"y":0.7448755502700806,"z":1.1638662815093995},"rotation":{"x":0.06542635709047318,"y":0.3708743751049042,"z":-0.026205774396657945,"w":0.9260047674179077},"size":9.69532299041748,"orthographic":false}