{"cameraMode":{"drawMode":0,"name":"Shaded","section":"Shading Mode"},"sceneLighting":false,"audioPlay":false,"sceneViewState":{"showFog":true,"showMaterialUpdate":false,"showSkybox":true,"showFlares":true,"showImageEffects":true,"showParticleSystems":true},"in2DMode":false,"pivot":{"x":2.9802322387695315e-8,"y":5.960464477539063e-8,"z":0.0},"rotation":{"x":-0.08625385165214539,"y":0.8517398834228516,"z":-0.14840000867843629,"w":-0.4950525462627411},"size":3.376354694366455,"orthographic":true}