{"cameraMode":{"drawMode":0,"name":"Shaded","section":"Shading Mode"},"sceneLighting":false,"audioPlay":false,"sceneViewState":{"showFog":true,"showMaterialUpdate":false,"showSkybox":true,"showFlares":true,"showImageEffects":true,"showParticleSystems":true},"in2DMode":false,"pivot":{"x":-29.030000686645509,"y":2.7300024032592775,"z":-0.3599996566772461},"rotation":{"x":-0.13511738181114198,"y":0.4440733790397644,"z":-0.06793982535600662,"w":-0.8831344246864319},"size":7.842698097229004,"orthographic":false}