{"cameraMode":{"drawMode":0,"name":"Shaded","section":"Shading Mode"},"sceneLighting":false,"audioPlay":false,"sceneViewState":{"showFog":true,"showMaterialUpdate":false,"showSkybox":true,"showFlares":true,"showImageEffects":true,"showParticleSystems":true},"in2DMode":false,"pivot":{"x":35.709999084472659,"y":7.41668701171875,"z":-0.010000228881835938},"rotation":{"x":0.019604530185461046,"y":0.9116712808609009,"z":-0.0437941737473011,"w":0.4081093668937683},"size":28.98418426513672,"orthographic":false}