{"cameraMode":{"drawMode":0,"name":"Shaded","section":"Shading Mode"},"sceneLighting":false,"audioPlay":false,"sceneViewState":{"showFog":true,"showMaterialUpdate":false,"showSkybox":false,"showFlares":true,"showImageEffects":true,"showParticleSystems":true},"in2DMode":false,"pivot":{"x":-0.4802231788635254,"y":2.9548540115356447,"z":0.1342921257019043},"rotation":{"x":0.12955635786056519,"y":-0.7911937832832336,"z":0.17983633279800416,"w":0.5699873566627502},"size":8.589177131652832,"orthographic":false}