{"cameraMode":{"drawMode":0,"name":"Shaded","section":"Shading Mode"},"sceneLighting":false,"audioPlay":false,"sceneViewState":{"showFog":true,"showMaterialUpdate":false,"showSkybox":false,"showFlares":true,"showImageEffects":true,"showParticleSystems":true},"in2DMode":false,"pivot":{"x":174.10699462890626,"y":30.850000381469728,"z":-9.517000198364258},"rotation":{"x":0.3759027123451233,"y":-0.1924481987953186,"z":0.08012101799249649,"w":0.9029067158699036},"size":1.4289418458938599,"orthographic":false}