{"cameraMode":{"drawMode":0,"name":"Shaded","section":"Shading Mode"},"sceneLighting":false,"audioPlay":false,"sceneViewState":{"showFog":true,"showMaterialUpdate":false,"showSkybox":false,"showFlares":true,"showImageEffects":true,"showParticleSystems":true},"in2DMode":false,"pivot":{"x":60.441009521484378,"y":3.9650001525878908,"z":0.0005006492137908936},"rotation":{"x":0.3759027123451233,"y":-0.1924481987953186,"z":0.08012101799249649,"w":0.9029067158699036},"size":8.010960578918457,"orthographic":false}