{"cameraMode":{"drawMode":0,"name":"Shaded","section":"Shading Mode"},"sceneLighting":false,"audioPlay":false,"sceneViewState":{"showFog":true,"showMaterialUpdate":false,"showSkybox":false,"showFlares":true,"showImageEffects":true,"showParticleSystems":true},"in2DMode":false,"pivot":{"x":33.94023132324219,"y":2.3250598907470705,"z":1.1132335662841797},"rotation":{"x":0.19345174729824067,"y":-0.05588987469673157,"z":0.011038878001272679,"w":0.9794538021087647},"size":28.460201263427736,"orthographic":false}