{"cameraMode":{"drawMode":0,"name":"Shaded","section":"Shading Mode"},"sceneLighting":false,"audioPlay":false,"sceneViewState":{"showFog":true,"showMaterialUpdate":false,"showSkybox":false,"showFlares":true,"showImageEffects":true,"showParticleSystems":true},"in2DMode":false,"pivot":{"x":105.24998474121094,"y":25.360000610351564,"z":-3.479999542236328},"rotation":{"x":0.3759027123451233,"y":-0.1924481987953186,"z":0.08012101799249649,"w":0.9029067158699036},"size":4.739264488220215,"orthographic":false}