{"cameraMode":{"drawMode":0,"name":"Shaded","section":"Shading Mode"},"sceneLighting":false,"audioPlay":false,"sceneViewState":{"showFog":true,"showMaterialUpdate":false,"showSkybox":false,"showFlares":true,"showImageEffects":true,"showParticleSystems":true},"in2DMode":false,"pivot":{"x":-0.06558220088481903,"y":0.1775270700454712,"z":-0.06741517037153244},"rotation":{"x":-0.06592810899019242,"y":0.9033651351928711,"z":-0.15044660866260529,"w":-0.3962816596031189},"size":1.541064977645874,"orthographic":true}