{"cameraMode":{"drawMode":0,"name":"Shaded","section":"Shading Mode"},"sceneLighting":false,"audioPlay":false,"sceneViewState":{"showFog":true,"showMaterialUpdate":false,"showSkybox":false,"showFlares":true,"showImageEffects":true,"showParticleSystems":true},"in2DMode":false,"pivot":{"x":632.0465698242188,"y":235.21026611328126,"z":-16.83612060546875},"rotation":{"x":0.09915141761302948,"y":-0.07545919716358185,"z":-0.00754086347296834,"w":-0.9921829104423523},"size":992.8610229492188,"orthographic":false}