{"cameraMode":{"drawMode":0,"name":"Shaded","section":"Shading Mode"},"sceneLighting":false,"audioPlay":false,"sceneViewState":{"showFog":true,"showMaterialUpdate":false,"showSkybox":false,"showFlares":true,"showImageEffects":true,"showParticleSystems":true},"in2DMode":false,"pivot":{"x":-0.1945044994354248,"y":0.1198074221611023,"z":-0.3634047508239746},"rotation":{"x":-0.07194170355796814,"y":0.9242027401924133,"z":-0.21767345070838929,"w":-0.30544939637184145},"size":1.3364803791046143,"orthographic":false}