{"cameraMode":{"drawMode":0,"name":"Shaded","section":"Shading Mode"},"sceneLighting":false,"audioPlay":false,"sceneViewState":{"showFog":true,"showMaterialUpdate":false,"showSkybox":false,"showFlares":true,"showImageEffects":true,"showParticleSystems":true},"in2DMode":false,"pivot":{"x":0.24560546875,"y":1.5218658447265626,"z":0.16015625},"rotation":{"x":0.22285975515842439,"y":-0.6993117332458496,"z":0.24606777727603913,"w":0.6331027746200562},"size":3.971132516860962,"orthographic":true}