{"cameraMode":{"drawMode":0,"name":"Shaded","section":"Shading Mode"},"sceneLighting":true,"audioPlay":false,"sceneViewState":{"showFog":true,"showMaterialUpdate":false,"showSkybox":false,"showFlares":true,"showImageEffects":true,"showParticleSystems":true},"in2DMode":false,"pivot":{"x":-98.54130554199219,"y":-0.7889677286148071,"z":1.9926735162734986},"rotation":{"x":0.21650321781635285,"y":0.1631297767162323,"z":-0.036718301475048068,"w":0.9618611335754395},"size":3.702700614929199,"orthographic":true}