{"cameraMode":{"drawMode":0,"name":"Shaded","section":"Shading Mode"},"sceneLighting":true,"audioPlay":false,"sceneViewState":{"showFog":true,"showMaterialUpdate":false,"showSkybox":true,"showFlares":true,"showImageEffects":true,"showParticleSystems":true},"in2DMode":false,"pivot":{"x":1.807037115097046,"y":-0.34842532873153689,"z":1.137852668762207},"rotation":{"x":0.11062238365411759,"y":0.7702962160110474,"z":-0.138502299785614,"w":0.6127119064331055},"size":6.63772439956665,"orthographic":true}