{"cameraMode":{"drawMode":0,"name":"Shaded","section":"Shading Mode"},"sceneLighting":true,"audioPlay":false,"sceneViewState":{"showFog":true,"showMaterialUpdate":false,"showSkybox":true,"showFlares":true,"showImageEffects":true,"showParticleSystems":true},"in2DMode":false,"pivot":{"x":-1.3199001550674439,"y":-2.0570907592773439,"z":-5.012497425079346},"rotation":{"x":0.04704764112830162,"y":0.9351440668106079,"z":-0.32377195358276369,"w":0.13588683307170869},"size":14.168313980102539,"orthographic":false}