{"cameraMode":{"drawMode":0,"name":"Shaded","section":"Shading Mode"},"sceneLighting":false,"audioPlay":false,"sceneViewState":{"showFog":true,"showMaterialUpdate":false,"showSkybox":true,"showFlares":true,"showImageEffects":true,"showParticleSystems":true},"in2DMode":false,"pivot":{"x":2.7172534465789797,"y":-16.88276481628418,"z":10.76437759399414},"rotation":{"x":-0.11058218032121659,"y":0.8727770447731018,"z":-0.41451552510261538,"w":-0.23283594846725465},"size":35.08201217651367,"orthographic":false}