{"cameraMode":{"drawMode":0,"name":"Shaded","section":"Shading Mode"},"sceneLighting":false,"audioPlay":false,"sceneViewState":{"showFog":true,"showMaterialUpdate":false,"showSkybox":false,"showFlares":true,"showImageEffects":true,"showParticleSystems":true},"in2DMode":false,"pivot":{"x":-3.134206771850586,"y":3.22705078125,"z":0.693359375},"rotation":{"x":-0.12861394882202149,"y":-0.15613755583763123,"z":0.01998802274465561,"w":-0.9793496131896973},"size":14.048111915588379,"orthographic":true}