{"cameraMode":{"drawMode":0,"name":"Shaded","section":"Shading Mode"},"sceneLighting":false,"audioPlay":false,"sceneViewState":{"showFog":true,"showMaterialUpdate":false,"showSkybox":false,"showFlares":true,"showImageEffects":true,"showParticleSystems":true},"in2DMode":false,"pivot":{"x":388.83111572265627,"y":24.20307159423828,"z":63.46807861328125},"rotation":{"x":0.09915141761302948,"y":-0.07545919716358185,"z":-0.00754086347296834,"w":-0.9921829104423523},"size":433.4601135253906,"orthographic":false}