{"cameraMode":{"drawMode":0,"name":"Shaded","section":"Shading Mode"},"sceneLighting":false,"audioPlay":false,"sceneViewState":{"showFog":true,"showMaterialUpdate":false,"showSkybox":false,"showFlares":true,"showImageEffects":true,"showParticleSystems":true},"in2DMode":false,"pivot":{"x":-50.499996185302737,"y":1.4199950695037842,"z":0.0},"rotation":{"x":-0.10905462503433228,"y":0.8108822703361511,"z":-0.16017171740531922,"w":-0.5522463321685791},"size":166.74855041503907,"orthographic":true}