{"cameraMode":{"drawMode":0,"name":"Shaded","section":"Shading Mode"},"sceneLighting":false,"audioPlay":false,"sceneViewState":{"showFog":true,"showMaterialUpdate":false,"showSkybox":true,"showFlares":true,"showImageEffects":true,"showParticleSystems":true},"in2DMode":false,"pivot":{"x":54.56682205200195,"y":-139.1928253173828,"z":14.439167022705079},"rotation":{"x":0.4836076498031616,"y":0.4036165773868561,"z":-0.26815879344940188,"w":0.7289875745773315},"size":160.32093811035157,"orthographic":false}