{"cameraMode":{"drawMode":0,"name":"Shaded","section":"Shading Mode"},"sceneLighting":false,"audioPlay":false,"sceneViewState":{"showFog":true,"showMaterialUpdate":false,"showSkybox":false,"showFlares":true,"showImageEffects":true,"showParticleSystems":true},"in2DMode":false,"pivot":{"x":1.0876950025558472,"y":1.1536823511123658,"z":0.4994373023509979},"rotation":{"x":0.04198736324906349,"y":0.35837069153785708,"z":0.016147978603839875,"w":-0.9325059652328491},"size":4.016965866088867,"orthographic":true}