{"cameraMode":{"drawMode":0,"name":"Shaded","section":"Shading Mode"},"sceneLighting":false,"audioPlay":false,"sceneViewState":{"showFog":true,"showMaterialUpdate":false,"showSkybox":false,"showFlares":true,"showImageEffects":true,"showParticleSystems":true},"in2DMode":false,"pivot":{"x":-0.5010986328125,"y":0.19384765625,"z":0.368896484375},"rotation":{"x":-0.11078718304634094,"y":-0.005280700977891684,"z":0.000944080064073205,"w":-0.9940119981765747},"size":4.485800743103027,"orthographic":true}