{"cameraMode":{"drawMode":0,"name":"Shaded","section":"Shading Mode"},"sceneLighting":false,"audioPlay":false,"sceneViewState":{"showFog":true,"showMaterialUpdate":false,"showSkybox":false,"showFlares":true,"showImageEffects":true,"showParticleSystems":true},"in2DMode":false,"pivot":{"x":-0.2001953125,"y":0.023193359375,"z":0.404541015625},"rotation":{"x":-0.06948752701282501,"y":0.9224787950515747,"z":-0.19501706957817079,"w":-0.3263753056526184},"size":2.5312228202819826,"orthographic":true}