{"cameraMode":{"drawMode":0,"name":"Shaded","section":"Shading Mode"},"sceneLighting":false,"audioPlay":false,"sceneViewState":{"showFog":true,"showMaterialUpdate":false,"showSkybox":false,"showFlares":true,"showImageEffects":true,"showParticleSystems":true},"in2DMode":false,"pivot":{"x":-0.0036797523498535158,"y":1.5,"z":-0.0036797523498535158},"rotation":{"x":-0.15826869010925294,"y":0.4094502329826355,"z":-0.07232499122619629,"w":-0.8956111073493958},"size":4.298681259155273,"orthographic":true}