{"cameraMode":{"drawMode":0,"name":"Shaded","section":"Shading Mode"},"sceneLighting":false,"audioPlay":false,"sceneViewState":{"showFog":true,"showMaterialUpdate":false,"showSkybox":false,"showFlares":true,"showImageEffects":true,"showParticleSystems":true},"in2DMode":false,"pivot":{"x":-0.19452917575836183,"y":-0.16512298583984376,"z":-0.034805476665496829},"rotation":{"x":-0.15010978281497956,"y":0.8493192791938782,"z":-0.34052014350891116,"w":-0.3744022846221924},"size":1.3364803791046143,"orthographic":false}