{"cameraMode":{"drawMode":0,"name":"Shaded","section":"Shading Mode"},"sceneLighting":false,"audioPlay":false,"sceneViewState":{"showFog":true,"showMaterialUpdate":false,"showSkybox":false,"showFlares":true,"showImageEffects":true,"showParticleSystems":true},"in2DMode":false,"pivot":{"x":3.5124998092651369,"y":1.3097273111343384,"z":0.7000000476837158},"rotation":{"x":0.31256720423698428,"y":-0.024218784645199777,"z":0.007973150350153447,"w":0.9495583772659302},"size":4.016965866088867,"orthographic":true}