{"cameraMode":{"drawMode":0,"name":"Shaded","section":"Shading Mode"},"sceneLighting":false,"audioPlay":false,"sceneViewState":{"showFog":true,"showMaterialUpdate":false,"showSkybox":false,"showFlares":true,"showImageEffects":true,"showParticleSystems":true},"in2DMode":false,"pivot":{"x":-0.014653950929641724,"y":4.27883243560791,"z":-0.006411910057067871},"rotation":{"x":-0.24059396982192994,"y":0.46019497513771059,"z":-0.13103657960891725,"w":-0.8445451855659485},"size":15.96379566192627,"orthographic":true}