{"cameraMode":{"drawMode":0,"name":"Shaded","section":"Shading Mode"},"sceneLighting":false,"audioPlay":false,"sceneViewState":{"showFog":true,"showMaterialUpdate":false,"showSkybox":false,"showFlares":true,"showImageEffects":true,"showParticleSystems":true},"in2DMode":false,"pivot":{"x":-1.1472625732421876,"y":2.6036376953125,"z":-17.93609619140625},"rotation":{"x":0.4829423725605011,"y":0.007974266074597836,"z":-0.0042454940266907219,"w":0.875673234462738},"size":0.4560597836971283,"orthographic":true}