{"cameraMode":{"drawMode":0,"name":"Shaded","section":"Shading Mode"},"sceneLighting":true,"audioPlay":false,"sceneViewState":{"showFog":true,"showMaterialUpdate":false,"showSkybox":true,"showFlares":true,"showImageEffects":true,"showParticleSystems":true},"in2DMode":false,"pivot":{"x":-99.436767578125,"y":0.7333984375,"z":2.1002197265625},"rotation":{"x":0.35803890228271487,"y":-0.3076644837856293,"z":0.12622632086277009,"w":0.8724989295005798},"size":17.78681755065918,"orthographic":true}