{"cameraMode":{"drawMode":0,"name":"Shaded","section":"Shading Mode"},"sceneLighting":false,"audioPlay":false,"sceneViewState":{"showFog":true,"showMaterialUpdate":false,"showSkybox":false,"showFlares":true,"showImageEffects":true,"showParticleSystems":true},"in2DMode":false,"pivot":{"x":0.0,"y":-0.13298694789409638,"z":0.0012077689170837403},"rotation":{"x":0.06982475519180298,"y":-0.9267813563346863,"z":0.2165142148733139,"w":0.29893213510513308},"size":2.2538833618164064,"orthographic":true}