{"cameraMode":{"drawMode":0,"name":"Shaded","section":"Shading Mode"},"sceneLighting":false,"audioPlay":false,"sceneViewState":{"showFog":true,"showMaterialUpdate":false,"showSkybox":false,"showFlares":true,"showImageEffects":true,"showParticleSystems":true},"in2DMode":false,"pivot":{"x":-100.3701171875,"y":1.27099609375,"z":-0.08154296875},"rotation":{"x":-0.10905462503433228,"y":0.8108822703361511,"z":-0.16017171740531922,"w":-0.5522463321685791},"size":6.00958776473999,"orthographic":true}