{"cameraMode":{"drawMode":0,"name":"Shaded","section":"Shading Mode"},"sceneLighting":false,"audioPlay":false,"sceneViewState":{"showFog":true,"showMaterialUpdate":false,"showSkybox":false,"showFlares":true,"showImageEffects":true,"showParticleSystems":true},"in2DMode":false,"pivot":{"x":0.24560546875,"y":1.5218658447265626,"z":0.16015625},"rotation":{"x":-0.01612001657485962,"y":-0.9823096990585327,"z":0.15691561996936799,"w":-0.10127492994070053},"size":3.0494155883789064,"orthographic":true}