{"cameraMode":{"drawMode":0,"name":"Shaded","section":"Shading Mode"},"sceneLighting":false,"audioPlay":false,"sceneViewState":{"showFog":true,"showMaterialUpdate":false,"showSkybox":false,"showFlares":true,"showImageEffects":true,"showParticleSystems":true},"in2DMode":false,"pivot":{"x":1020.1465454101563,"y":-41.56666564941406,"z":90.06195068359375},"rotation":{"x":0.06680218130350113,"y":-0.03740837797522545,"z":0.002504809759557247,"w":0.9970702528953552},"size":593.5887451171875,"orthographic":true}