{"cameraMode":{"drawMode":0,"name":"Shaded","section":"Shading Mode"},"sceneLighting":false,"audioPlay":false,"sceneViewState":{"showFog":true,"showMaterialUpdate":false,"showSkybox":false,"showFlares":true,"showImageEffects":true,"showParticleSystems":true},"in2DMode":false,"pivot":{"x":-0.0789794921875,"y":0.15692138671875,"z":-0.2864990234375},"rotation":{"x":-0.04904486984014511,"y":0.9132614731788635,"z":-0.11570549756288529,"w":-0.38761937618255618},"size":1.1164634227752686,"orthographic":true}