{"cameraMode":{"drawMode":0,"name":"Shaded","section":"Shading Mode"},"sceneLighting":false,"audioPlay":false,"sceneViewState":{"showFog":true,"showMaterialUpdate":false,"showSkybox":false,"showFlares":true,"showImageEffects":true,"showParticleSystems":true},"in2DMode":false,"pivot":{"x":0.0,"y":0.2571749985218048,"z":-0.0048966966569423679},"rotation":{"x":-0.0033225994557142259,"y":0.9760693907737732,"z":-0.014944519847631455,"w":-0.21693503856658936},"size":0.7364804148674011,"orthographic":false}