{"cameraMode":{"drawMode":0,"name":"Shaded","section":"Shading Mode"},"sceneLighting":false,"audioPlay":false,"sceneViewState":{"showFog":true,"showMaterialUpdate":false,"showSkybox":false,"showFlares":true,"showImageEffects":true,"showParticleSystems":true},"in2DMode":false,"pivot":{"x":-0.394500732421875,"y":1.67572021484375,"z":0.208984375},"rotation":{"x":-0.0749131590127945,"y":0.5694368481636047,"z":-0.05231977999210358,"w":-0.8169752955436707},"size":5.5322442054748539,"orthographic":true}