{"cameraMode":{"drawMode":0,"name":"Shaded","section":"Shading Mode"},"sceneLighting":false,"audioPlay":false,"sceneViewState":{"showFog":true,"showMaterialUpdate":false,"showSkybox":false,"showFlares":true,"showImageEffects":true,"showParticleSystems":true},"in2DMode":false,"pivot":{"x":-0.023699279874563218,"y":0.03377273678779602,"z":0.06437084823846817},"rotation":{"x":0.02629075199365616,"y":-0.4832594096660614,"z":0.014445061795413494,"w":0.8749953508377075},"size":0.6424669623374939,"orthographic":true}