{"cameraMode":{"drawMode":0,"name":"Shaded","section":"Shading Mode"},"sceneLighting":true,"audioPlay":false,"sceneViewState":{"showFog":true,"showMaterialUpdate":false,"showSkybox":false,"showFlares":true,"showImageEffects":true,"showParticleSystems":true},"in2DMode":false,"pivot":{"x":-0.0439453125,"y":-0.490234375,"z":-1.0662612915039063},"rotation":{"x":-0.08451933413743973,"y":-0.7048821449279785,"z":0.08480067551136017,"w":-0.699303925037384},"size":10.154335975646973,"orthographic":true}