{"cameraMode":{"drawMode":0,"name":"Shaded","section":"Shading Mode"},"sceneLighting":false,"audioPlay":false,"sceneViewState":{"showFog":true,"showMaterialUpdate":false,"showSkybox":false,"showFlares":true,"showImageEffects":true,"showParticleSystems":true},"in2DMode":false,"pivot":{"x":-7.931737899780273,"y":0.29035472869873049,"z":5.472870826721191},"rotation":{"x":-0.061845485121011737,"y":0.6065141558647156,"z":-0.04740129038691521,"w":-0.7912518382072449},"size":13.790441513061524,"orthographic":false}