{"cameraMode":{"drawMode":0,"name":"Shaded","section":"Shading Mode"},"sceneLighting":false,"audioPlay":false,"sceneViewState":{"showFog":true,"showMaterialUpdate":false,"showSkybox":false,"showFlares":true,"showImageEffects":true,"showParticleSystems":true},"in2DMode":false,"pivot":{"x":0.3301839828491211,"y":0.232666015625,"z":-0.15185546875},"rotation":{"x":0.007312081754207611,"y":0.9745990037918091,"z":-0.22152380645275117,"w":0.032173819839954379},"size":2.3437821865081789,"orthographic":true}