{"cameraMode":{"drawMode":0,"name":"Shaded","section":"Shading Mode"},"sceneLighting":false,"audioPlay":false,"sceneViewState":{"showFog":true,"showMaterialUpdate":false,"showSkybox":false,"showFlares":true,"showImageEffects":true,"showParticleSystems":true},"in2DMode":false,"pivot":{"x":-0.005749985575675964,"y":-0.11949625611305237,"z":-0.10562503337860108},"rotation":{"x":-0.06044788658618927,"y":-0.9058936238288879,"z":0.13829100131988526,"w":-0.39577749371528628},"size":3.6183953285217287,"orthographic":false}