{"cameraMode":{"drawMode":0,"name":"Shaded","section":"Shading Mode"},"sceneLighting":false,"audioPlay":false,"sceneViewState":{"showFog":true,"showMaterialUpdate":false,"showSkybox":false,"showFlares":true,"showImageEffects":true,"showParticleSystems":true},"in2DMode":false,"pivot":{"x":-0.3039247989654541,"y":-0.13030283153057099,"z":1.1366924047470093},"rotation":{"x":-0.08417796343564987,"y":0.027497846633195878,"z":-0.0023215448018163444,"w":-0.9960774183273315},"size":1.657884120941162,"orthographic":false}