{"cameraMode":{"drawMode":0,"name":"Shaded","section":"Shading Mode"},"sceneLighting":false,"audioPlay":false,"sceneViewState":{"showFog":true,"showMaterialUpdate":false,"showSkybox":false,"showFlares":true,"showImageEffects":true,"showParticleSystems":true},"in2DMode":false,"pivot":{"x":0.0,"y":1.4901161193847657e-8,"z":-2.9802322387695315e-8},"rotation":{"x":-0.03944091126322746,"y":-0.9491968154907227,"z":0.28273558616638186,"w":-0.13240942358970643},"size":0.8886291980743408,"orthographic":true}