{"cameraMode":{"drawMode":0,"name":"Shaded","section":"Shading Mode"},"sceneLighting":false,"audioPlay":false,"sceneViewState":{"showFog":true,"showMaterialUpdate":false,"showSkybox":false,"showFlares":true,"showImageEffects":true,"showParticleSystems":true},"in2DMode":false,"pivot":{"x":-0.0217742919921875,"y":0.0401611328125,"z":0.00091552734375},"rotation":{"x":0.07221417874097824,"y":0.9276282787322998,"z":-0.2501525282859802,"w":0.2678608000278473},"size":0.2389124035835266,"orthographic":true}