{"cameraMode":{"drawMode":0,"name":"Shaded","section":"Shading Mode"},"sceneLighting":true,"audioPlay":false,"sceneViewState":{"showFog":true,"showMaterialUpdate":false,"showSkybox":false,"showFlares":true,"showImageEffects":true,"showParticleSystems":true},"in2DMode":false,"pivot":{"x":-6.007070541381836,"y":0.3696831464767456,"z":3.8434300422668459},"rotation":{"x":0.15159070491790772,"y":-0.5334625244140625,"z":0.0980062410235405,"w":0.8263890743255615},"size":1.268140435218811,"orthographic":true}