{"cameraMode":{"drawMode":0,"name":"Shaded","section":"Shading Mode"},"sceneLighting":false,"audioPlay":false,"sceneViewState":{"showFog":true,"showMaterialUpdate":false,"showSkybox":false,"showFlares":true,"showImageEffects":true,"showParticleSystems":true},"in2DMode":false,"pivot":{"x":0.30908203125,"y":0.851806640625,"z":0.13037109375},"rotation":{"x":0.11715216189622879,"y":0.22584398090839387,"z":-0.027392076328396798,"w":0.9667211174964905},"size":4.7757415771484379,"orthographic":true}