{"cameraMode":{"drawMode":0,"name":"Shaded","section":"Shading Mode"},"sceneLighting":false,"audioPlay":false,"sceneViewState":{"showFog":true,"showMaterialUpdate":false,"showSkybox":false,"showFlares":true,"showImageEffects":true,"showParticleSystems":true},"in2DMode":false,"pivot":{"x":0.027843885123729707,"y":0.1138363927602768,"z":-0.1303214281797409},"rotation":{"x":0.1744842231273651,"y":-0.03690972551703453,"z":0.006556546315550804,"w":0.9839904308319092},"size":4.051825046539307,"orthographic":false}