{"cameraMode":{"drawMode":0,"name":"Shaded","section":"Shading Mode"},"sceneLighting":false,"audioPlay":false,"sceneViewState":{"showFog":true,"showMaterialUpdate":false,"showSkybox":false,"showFlares":true,"showImageEffects":true,"showParticleSystems":true},"in2DMode":false,"pivot":{"x":0.0016807392239570618,"y":0.562281608581543,"z":0.45394569635391238},"rotation":{"x":0.09308274835348129,"y":-0.16322903335094453,"z":0.015473034232854844,"w":0.982070803642273},"size":1.3736921548843384,"orthographic":false}