{"cameraMode":{"drawMode":0,"name":"Shaded","section":"Shading Mode"},"sceneLighting":false,"audioPlay":false,"sceneViewState":{"showFog":true,"showMaterialUpdate":false,"showSkybox":false,"showFlares":true,"showImageEffects":true,"showParticleSystems":true},"in2DMode":false,"pivot":{"x":-0.07370000332593918,"y":-0.013199999928474427,"z":0.3137499988079071},"rotation":{"x":0.16930867731571198,"y":0.5999352335929871,"z":-0.13145269453525544,"w":0.770935595035553},"size":0.40133967995643618,"orthographic":true}