{"cameraMode":{"drawMode":0,"name":"Shaded","section":"Shading Mode"},"sceneLighting":false,"audioPlay":false,"sceneViewState":{"showFog":true,"showMaterialUpdate":false,"showSkybox":false,"showFlares":true,"showImageEffects":true,"showParticleSystems":true},"in2DMode":false,"pivot":{"x":-0.005645275115966797,"y":0.0033891797065734865,"z":-0.09434312582015991},"rotation":{"x":-0.06044788658618927,"y":-0.9058936238288879,"z":0.13829100131988526,"w":-0.39577749371528628},"size":1.081977367401123,"orthographic":false}