{"cameraMode":{"drawMode":0,"name":"Shaded","section":"Shading Mode"},"sceneLighting":false,"audioPlay":false,"sceneViewState":{"showFog":true,"showMaterialUpdate":false,"showSkybox":false,"showFlares":true,"showImageEffects":true,"showParticleSystems":true},"in2DMode":false,"pivot":{"x":0.3073415756225586,"y":1.552490234375,"z":0.526153564453125},"rotation":{"x":-0.09983036667108536,"y":0.7469585537910461,"z":-0.11516284197568894,"w":-0.6472288966178894},"size":6.217428207397461,"orthographic":true}