{"cameraMode":{"drawMode":0,"name":"Shaded","section":"Shading Mode"},"sceneLighting":true,"audioPlay":false,"sceneViewState":{"showFog":true,"showMaterialUpdate":false,"showSkybox":false,"showFlares":true,"showImageEffects":true,"showParticleSystems":true},"in2DMode":false,"pivot":{"x":-4.030000686645508,"y":1.5229997634887696,"z":-9.939998626708985},"rotation":{"x":0.09754366427659989,"y":0.8226504921913147,"z":-0.14836837351322175,"w":0.5401869416236877},"size":40.010372161865237,"orthographic":true}