{"cameraMode":{"drawMode":0,"name":"Shaded","section":"Shading Mode"},"sceneLighting":true,"audioPlay":false,"sceneViewState":{"showFog":true,"showMaterialUpdate":false,"showSkybox":true,"showFlares":true,"showImageEffects":true,"showParticleSystems":true},"in2DMode":false,"pivot":{"x":24.732526779174806,"y":-6.013086318969727,"z":-17.158702850341798},"rotation":{"x":-0.19760578870773316,"y":-0.37790432572364809,"z":0.08302583545446396,"w":-0.9007676839828491},"size":68.29039001464844,"orthographic":false}