{"cameraMode":{"drawMode":0,"name":"Shaded","section":"Shading Mode"},"sceneLighting":true,"audioPlay":false,"sceneViewState":{"showFog":true,"showMaterialUpdate":false,"showSkybox":true,"showFlares":true,"showImageEffects":true,"showParticleSystems":true},"in2DMode":false,"pivot":{"x":380.7461242675781,"y":308.71136474609377,"z":30.632080078125},"rotation":{"x":-0.12255124002695084,"y":-0.04732568562030792,"z":0.005849799141287804,"w":-0.9913198947906494},"size":498.6890563964844,"orthographic":false}