{"cameraMode":{"drawMode":0,"name":"Shaded","section":"Shading Mode"},"sceneLighting":false,"audioPlay":false,"sceneViewState":{"showFog":true,"showMaterialUpdate":false,"showSkybox":false,"showFlares":true,"showImageEffects":true,"showParticleSystems":true},"in2DMode":false,"pivot":{"x":-0.023699279874563218,"y":0.03377273678779602,"z":0.06437084823846817},"rotation":{"x":0.0247255340218544,"y":-0.9683799743652344,"z":0.10645151138305664,"w":0.22437995672225953},"size":0.6424669623374939,"orthographic":true}