{"cameraMode":{"drawMode":0,"name":"Shaded","section":"Shading Mode"},"sceneLighting":true,"audioPlay":false,"sceneViewState":{"showFog":true,"showMaterialUpdate":false,"showSkybox":true,"showFlares":true,"showImageEffects":true,"showParticleSystems":true},"in2DMode":false,"pivot":{"x":5.309720039367676,"y":2.1023645401000978,"z":4.41232967376709},"rotation":{"x":-0.3033890128135681,"y":-0.06538932025432587,"z":0.02087397873401642,"w":-0.9503912329673767},"size":116.6514892578125,"orthographic":false}