{"cameraMode":{"drawMode":0,"name":"Shaded","section":"Shading Mode"},"sceneLighting":false,"audioPlay":false,"sceneViewState":{"showFog":true,"showMaterialUpdate":false,"showSkybox":false,"showFlares":true,"showImageEffects":true,"showParticleSystems":true},"in2DMode":false,"pivot":{"x":-0.704123318195343,"y":2.350059747695923,"z":0.28455302119255068},"rotation":{"x":0.040202680975198749,"y":-0.6662726402282715,"z":0.036013130098581317,"w":0.7437585592269898},"size":3.3740458488464357,"orthographic":false}