{"cameraMode":{"drawMode":0,"name":"Shaded","section":"Shading Mode"},"sceneLighting":false,"audioPlay":false,"sceneViewState":{"showFog":true,"showMaterialUpdate":false,"showSkybox":false,"showFlares":true,"showImageEffects":true,"showParticleSystems":true},"in2DMode":false,"pivot":{"x":-1.3680412769317628,"y":0.5253996849060059,"z":-8.278983116149903},"rotation":{"x":-0.21732577681541444,"y":0.48341187834739687,"z":-0.1251981109380722,"w":-0.838772177696228},"size":29.811908721923829,"orthographic":true}