{"cameraMode":{"drawMode":0,"name":"Shaded","section":"Shading Mode"},"sceneLighting":false,"audioPlay":false,"sceneViewState":{"showFog":true,"showMaterialUpdate":false,"showSkybox":false,"showFlares":true,"showImageEffects":true,"showParticleSystems":true},"in2DMode":false,"pivot":{"x":1.862645149230957e-9,"y":0.08500000089406967,"z":0.06999999284744263},"rotation":{"x":-0.08219797909259796,"y":-0.7991935014724731,"z":0.1121593564748764,"w":-0.5848601460456848},"size":0.5717459321022034,"orthographic":true}