{"cameraMode":{"drawMode":0,"name":"Shaded","section":"Shading Mode"},"sceneLighting":false,"audioPlay":false,"sceneViewState":{"showFog":true,"showMaterialUpdate":false,"showSkybox":false,"showFlares":true,"showImageEffects":true,"showParticleSystems":true},"in2DMode":false,"pivot":{"x":0.3301839828491211,"y":0.232666015625,"z":-0.15185546875},"rotation":{"x":0.024836977943778039,"y":0.9623115658760071,"z":-0.09412393718957901,"w":0.25393590331077578},"size":2.3437821865081789,"orthographic":true}