{"cameraMode":{"drawMode":0,"name":"Shaded","section":"Shading Mode"},"sceneLighting":false,"audioPlay":false,"sceneViewState":{"showFog":true,"showMaterialUpdate":false,"showSkybox":false,"showFlares":true,"showImageEffects":true,"showParticleSystems":true},"in2DMode":false,"pivot":{"x":-0.24306416511535645,"y":-1.1528284549713135,"z":0.08019542694091797},"rotation":{"x":0.29170992970466616,"y":-0.38993415236473086,"z":0.13173948228359223,"w":0.8634340763092041},"size":2.4707632064819338,"orthographic":false}