{"cameraMode":{"drawMode":0,"name":"Shaded","section":"Shading Mode"},"sceneLighting":false,"audioPlay":false,"sceneViewState":{"showFog":true,"showMaterialUpdate":false,"showSkybox":false,"showFlares":true,"showImageEffects":true,"showParticleSystems":true},"in2DMode":false,"pivot":{"x":-0.57763671875,"y":0.311279296875,"z":0.30126953125},"rotation":{"x":0.007359562907367945,"y":-0.7134096026420593,"z":0.007489112671464682,"w":0.7006833553314209},"size":2.3603596687316896,"orthographic":true}