{"cameraMode":{"drawMode":0,"name":"Shaded","section":"Shading Mode"},"sceneLighting":false,"audioPlay":false,"sceneViewState":{"showFog":true,"showMaterialUpdate":false,"showSkybox":false,"showFlares":true,"showImageEffects":true,"showParticleSystems":true},"in2DMode":false,"pivot":{"x":0.12104302644729614,"y":-2.8498706817626955,"z":1.3370652198791505},"rotation":{"x":-0.5079661011695862,"y":0.13249114155769349,"z":-0.07942003756761551,"w":-0.8474152088165283},"size":4.91725492477417,"orthographic":false}