{"cameraMode":{"drawMode":0,"name":"Shaded","section":"Shading Mode"},"sceneLighting":false,"audioPlay":false,"sceneViewState":{"showFog":true,"showMaterialUpdate":false,"showSkybox":false,"showFlares":true,"showImageEffects":true,"showParticleSystems":true},"in2DMode":false,"pivot":{"x":-1.1484076976776124,"y":-0.6883906126022339,"z":1.2949919700622559},"rotation":{"x":0.06291505694389343,"y":-0.037120696157217029,"z":0.0023386506363749506,"w":0.9973306655883789},"size":8.798684120178223,"orthographic":false}