{"cameraMode":{"drawMode":0,"name":"Shaded","section":"Shading Mode"},"sceneLighting":true,"audioPlay":false,"sceneViewState":{"showFog":true,"showMaterialUpdate":false,"showSkybox":false,"showFlares":true,"showImageEffects":true,"showParticleSystems":true},"in2DMode":false,"pivot":{"x":0.1353759765625,"y":-0.06488037109375,"z":-0.0872039794921875},"rotation":{"x":0.10142917186021805,"y":0.7535989880561829,"z":-0.11965225636959076,"w":0.638431191444397},"size":0.7500270009040833,"orthographic":true}