{"cameraMode":{"drawMode":0,"name":"Shaded","section":"Shading Mode"},"sceneLighting":false,"audioPlay":false,"sceneViewState":{"showFog":true,"showMaterialUpdate":false,"showSkybox":false,"showFlares":true,"showImageEffects":true,"showParticleSystems":true},"in2DMode":false,"pivot":{"x":-7.139999866485596,"y":1.850000023841858,"z":-4.760000228881836},"rotation":{"x":0.29170992970466616,"y":-0.38993415236473086,"z":0.13173948228359223,"w":0.8634340763092041},"size":4.286825656890869,"orthographic":false}