{"cameraMode":{"drawMode":0,"name":"Shaded","section":"Shading Mode"},"sceneLighting":false,"audioPlay":false,"sceneViewState":{"showFog":true,"showMaterialUpdate":false,"showSkybox":false,"showFlares":true,"showImageEffects":true,"showParticleSystems":true},"in2DMode":false,"pivot":{"x":0.08056640625,"y":-0.05670166015625,"z":0.0262603759765625},"rotation":{"x":0.1677032858133316,"y":0.6579728722572327,"z":-0.1537131816148758,"w":0.71785968542099},"size":0.8504551649093628,"orthographic":true}