{"cameraMode":{"drawMode":0,"name":"Shaded","section":"Shading Mode"},"sceneLighting":false,"audioPlay":false,"sceneViewState":{"showFog":true,"showMaterialUpdate":false,"showSkybox":false,"showFlares":true,"showImageEffects":true,"showParticleSystems":true},"in2DMode":false,"pivot":{"x":0.23046875,"y":-0.10101318359375,"z":0.030487060546875},"rotation":{"x":0.10441407561302185,"y":-0.8111101388931274,"z":0.15263965725898744,"w":0.5549476742744446},"size":0.9113147854804993,"orthographic":true}