{"cameraMode":{"drawMode":0,"name":"Shaded","section":"Shading Mode"},"sceneLighting":false,"audioPlay":false,"sceneViewState":{"showFog":true,"showMaterialUpdate":false,"showSkybox":false,"showFlares":true,"showImageEffects":true,"showParticleSystems":true},"in2DMode":false,"pivot":{"x":0.39437103271484377,"y":2.0084290504455568,"z":-1.2298855781555176},"rotation":{"x":-0.06383735686540604,"y":-0.8314718008041382,"z":0.09773414582014084,"w":-0.5431815981864929},"size":12.0645112991333,"orthographic":false}