{"cameraMode":{"drawMode":0,"name":"Shaded","section":"Shading Mode"},"sceneLighting":false,"audioPlay":false,"sceneViewState":{"showFog":true,"showMaterialUpdate":false,"showSkybox":false,"showFlares":true,"showImageEffects":true,"showParticleSystems":true},"in2DMode":false,"pivot":{"x":-97.74549865722656,"y":89.67193603515625,"z":231.225830078125},"rotation":{"x":0.2580719292163849,"y":-0.04460388794541359,"z":0.011940998956561089,"w":0.9650342464447022},"size":1677.7724609375,"orthographic":false}