{"cameraMode":{"drawMode":0,"name":"Shaded","section":"Shading Mode"},"sceneLighting":false,"audioPlay":false,"sceneViewState":{"showFog":true,"showMaterialUpdate":false,"showSkybox":false,"showFlares":true,"showImageEffects":true,"showParticleSystems":true},"in2DMode":false,"pivot":{"x":-0.16510009765625,"y":-0.048126220703125,"z":0.349151611328125},"rotation":{"x":-0.10938462615013123,"y":-0.8264014720916748,"z":0.17226390540599824,"w":-0.524823784828186},"size":0.8994929790496826,"orthographic":true}