{"cameraMode":{"drawMode":0,"name":"Shaded","section":"Shading Mode"},"sceneLighting":false,"audioPlay":false,"sceneViewState":{"showFog":true,"showMaterialUpdate":false,"showSkybox":false,"showFlares":true,"showImageEffects":true,"showParticleSystems":true},"in2DMode":false,"pivot":{"x":0.00048828125,"y":0.1815185546875,"z":-0.002716064453125},"rotation":{"x":0.18420037627220155,"y":-0.5968849658966065,"z":0.14322353899478913,"w":0.7676528096199036},"size":1.344796061515808,"orthographic":true}