{"cameraMode":{"drawMode":0,"name":"Shaded","section":"Shading Mode"},"sceneLighting":false,"audioPlay":false,"sceneViewState":{"showFog":true,"showMaterialUpdate":false,"showSkybox":false,"showFlares":true,"showImageEffects":true,"showParticleSystems":true},"in2DMode":false,"pivot":{"x":0.3271484375,"y":2.43133544921875,"z":-0.01953125},"rotation":{"x":-0.018270621076226236,"y":0.9816569685935974,"z":-0.1402384638786316,"w":-0.1279148906469345},"size":2.3696234226226808,"orthographic":true}