{"cameraMode":{"drawMode":0,"name":"Shaded","section":"Shading Mode"},"sceneLighting":false,"audioPlay":false,"sceneViewState":{"showFog":true,"showMaterialUpdate":false,"showSkybox":false,"showFlares":true,"showImageEffects":true,"showParticleSystems":true},"in2DMode":false,"pivot":{"x":0.1046295166015625,"y":2.08209228515625,"z":0.10205078125},"rotation":{"x":0.00018114854174200445,"y":-0.9992089867591858,"z":-0.0044970023445785049,"w":-0.039897482842206958},"size":1.0479037761688233,"orthographic":true}