{"cameraMode":{"drawMode":0,"name":"Shaded","section":"Shading Mode"},"sceneLighting":false,"audioPlay":false,"sceneViewState":{"showFog":true,"showMaterialUpdate":false,"showSkybox":false,"showFlares":true,"showImageEffects":true,"showParticleSystems":true},"in2DMode":false,"pivot":{"x":-1.867919921875,"y":0.9881591796875,"z":-6.01904296875},"rotation":{"x":0.06160172075033188,"y":0.20344458520412446,"z":-0.01304623857140541,"w":0.977188766002655},"size":4.310715198516846,"orthographic":true}