{"cameraMode":{"drawMode":0,"name":"Shaded","section":"Shading Mode"},"sceneLighting":false,"audioPlay":false,"sceneViewState":{"showFog":true,"showMaterialUpdate":false,"showSkybox":false,"showFlares":true,"showImageEffects":true,"showParticleSystems":true},"in2DMode":false,"pivot":{"x":2.1238887310028078,"y":-2.4825291633605959,"z":-1.9781674146652222},"rotation":{"x":0.4015676975250244,"y":-0.0548836812376976,"z":0.02415529638528824,"w":0.9139174818992615},"size":0.9237974882125855,"orthographic":false}