{"cameraMode":{"drawMode":0,"name":"Shaded","section":"Shading Mode"},"sceneLighting":false,"audioPlay":false,"sceneViewState":{"showFog":true,"showMaterialUpdate":false,"showSkybox":false,"showFlares":true,"showImageEffects":true,"showParticleSystems":true},"in2DMode":false,"pivot":{"x":0.0,"y":5.542499542236328,"z":-0.49950000643730166},"rotation":{"x":-0.0763474702835083,"y":0.8119093775749207,"z":-0.10903336107730866,"w":-0.5684316754341126},"size":2.3288989067077638,"orthographic":true}