{"cameraMode":{"drawMode":0,"name":"Shaded","section":"Shading Mode"},"sceneLighting":false,"audioPlay":false,"sceneViewState":{"showFog":true,"showMaterialUpdate":false,"showSkybox":false,"showFlares":true,"showImageEffects":true,"showParticleSystems":true},"in2DMode":false,"pivot":{"x":-0.0026253797113895418,"y":0.4847971796989441,"z":0.4674476981163025},"rotation":{"x":-0.0012021231232210994,"y":-0.9947136640548706,"z":0.10212425142526627,"w":-0.011648203246295452},"size":0.5547655820846558,"orthographic":false}