{"cameraMode":{"drawMode":0,"name":"Shaded","section":"Shading Mode"},"sceneLighting":false,"audioPlay":false,"sceneViewState":{"showFog":true,"showMaterialUpdate":false,"showSkybox":false,"showFlares":true,"showImageEffects":true,"showParticleSystems":true},"in2DMode":false,"pivot":{"x":-0.0015000104904174805,"y":-0.5350000262260437,"z":0.009499996900558472},"rotation":{"x":-0.01837618462741375,"y":-0.9754886627197266,"z":0.20028135180473329,"w":-0.08949608355760575},"size":0.7415829300880432,"orthographic":true}