{"cameraMode":{"drawMode":0,"name":"Shaded","section":"Shading Mode"},"sceneLighting":false,"audioPlay":false,"sceneViewState":{"showFog":true,"showMaterialUpdate":false,"showSkybox":false,"showFlares":true,"showImageEffects":true,"showParticleSystems":true},"in2DMode":false,"pivot":{"x":506.5183410644531,"y":317.82891845703127,"z":50.07373046875},"rotation":{"x":-0.07423540204763413,"y":-0.050247061997652057,"z":0.003745372174307704,"w":-0.9959716796875},"size":1059.4652099609375,"orthographic":false}