{"cameraMode":{"drawMode":0,"name":"Shaded","section":"Shading Mode"},"sceneLighting":false,"audioPlay":false,"sceneViewState":{"showFog":true,"showMaterialUpdate":false,"showSkybox":false,"showFlares":true,"showImageEffects":true,"showParticleSystems":true},"in2DMode":false,"pivot":{"x":-0.0036797523498535158,"y":1.5,"z":-0.0036797523498535158},"rotation":{"x":0.16391141712665559,"y":-0.7841960787773132,"z":0.23303288221359254,"w":0.5513051748275757},"size":20.005186080932618,"orthographic":true}