{"cameraMode":{"drawMode":0,"name":"Shaded","section":"Shading Mode"},"sceneLighting":false,"audioPlay":false,"sceneViewState":{"showFog":true,"showMaterialUpdate":false,"showSkybox":false,"showFlares":true,"showImageEffects":true,"showParticleSystems":true},"in2DMode":false,"pivot":{"x":-0.6924170255661011,"y":1.3908662796020508,"z":-0.29302978515625},"rotation":{"x":-0.023293089121580125,"y":0.9757502675056458,"z":-0.13044410943984986,"w":-0.17423635721206666},"size":5.410862445831299,"orthographic":false}