{"cameraMode":{"drawMode":0,"name":"Shaded","section":"Shading Mode"},"sceneLighting":false,"audioPlay":false,"sceneViewState":{"showFog":true,"showMaterialUpdate":false,"showSkybox":false,"showFlares":true,"showImageEffects":true,"showParticleSystems":true},"in2DMode":false,"pivot":{"x":-0.4600004255771637,"y":0.01499984785914421,"z":-0.04999948665499687},"rotation":{"x":-0.02683364786207676,"y":0.9393130540847778,"z":-0.3343549072742462,"w":-0.07439349591732025},"size":1.6393646001815797,"orthographic":true}