{"cameraMode":{"drawMode":0,"name":"Shaded","section":"Shading Mode"},"sceneLighting":false,"audioPlay":false,"sceneViewState":{"showFog":true,"showMaterialUpdate":false,"showSkybox":false,"showFlares":true,"showImageEffects":true,"showParticleSystems":true},"in2DMode":false,"pivot":{"x":-0.8880000114440918,"y":0.320499986410141,"z":0.8696908950805664},"rotation":{"x":0.00698855658993125,"y":-0.9892120957374573,"z":0.13741792738437653,"w":0.05497882142663002},"size":1.2143698930740357,"orthographic":true}