{"cameraMode":{"drawMode":0,"name":"Shaded","section":"Shading Mode"},"sceneLighting":false,"audioPlay":false,"sceneViewState":{"showFog":true,"showMaterialUpdate":false,"showSkybox":false,"showFlares":true,"showImageEffects":true,"showParticleSystems":true},"in2DMode":false,"pivot":{"x":3.5005030632019045,"y":2.4822189807891847,"z":-16.733760833740236},"rotation":{"x":0.23687539994716645,"y":0.7469063401222229,"z":-0.34027859568595889,"w":0.5198879241943359},"size":0.3133505582809448,"orthographic":true}