{"cameraMode":{"drawMode":0,"name":"Shaded","section":"Shading Mode"},"sceneLighting":false,"audioPlay":false,"sceneViewState":{"showFog":true,"showMaterialUpdate":false,"showSkybox":false,"showFlares":true,"showImageEffects":true,"showParticleSystems":true},"in2DMode":false,"pivot":{"x":0.09926994144916535,"y":-0.8509393930435181,"z":0.5791535377502441},"rotation":{"x":-0.5810245275497437,"y":-0.04949120804667473,"z":0.03542817011475563,"w":-0.8116127252578735},"size":2.8982889652252199,"orthographic":false}