{"cameraMode":{"drawMode":0,"name":"Shaded","section":"Shading Mode"},"sceneLighting":false,"audioPlay":false,"sceneViewState":{"showFog":true,"showMaterialUpdate":false,"showSkybox":true,"showFlares":true,"showImageEffects":true,"showParticleSystems":true},"in2DMode":false,"pivot":{"x":0.20784184336662293,"y":-0.17118513584136964,"z":0.02539942041039467},"rotation":{"x":-0.5610606074333191,"y":0.43578484654426577,"z":-0.45837411284446719,"w":-0.5342236757278442},"size":1.178774356842041,"orthographic":false}