{"cameraMode":{"drawMode":0,"name":"Shaded","section":"Shading Mode"},"sceneLighting":false,"audioPlay":false,"sceneViewState":{"showFog":true,"showMaterialUpdate":false,"showSkybox":true,"showFlares":true,"showImageEffects":true,"showParticleSystems":true},"in2DMode":false,"pivot":{"x":-0.473969429731369,"y":-0.24368321895599366,"z":0.6014809608459473},"rotation":{"x":-0.5441137552261353,"y":0.45016196370124819,"z":-0.44591647386550906,"w":-0.5501399636268616},"size":3.018047332763672,"orthographic":false}