{"cameraMode":{"drawMode":0,"name":"Shaded","section":"Shading Mode"},"sceneLighting":false,"audioPlay":false,"sceneViewState":{"showFog":true,"showMaterialUpdate":false,"showSkybox":true,"showFlares":true,"showImageEffects":true,"showParticleSystems":true},"in2DMode":false,"pivot":{"x":-0.009842395782470703,"y":-0.17024976015090943,"z":0.310418963432312},"rotation":{"x":-0.10310878604650498,"y":0.6369752883911133,"z":-0.086833655834198,"w":-0.7591373920440674},"size":1.4690818786621094,"orthographic":false}