{"cameraMode":{"drawMode":0,"name":"Shaded","section":"Shading Mode"},"sceneLighting":false,"audioPlay":false,"sceneViewState":{"showFog":true,"showMaterialUpdate":false,"showSkybox":true,"showFlares":true,"showImageEffects":true,"showParticleSystems":true},"in2DMode":false,"pivot":{"x":0.36148321628570559,"y":-0.04646524786949158,"z":0.18016240000724793},"rotation":{"x":0.1324213147163391,"y":-0.7379449605941773,"z":0.15176630020141602,"w":0.6441236734390259},"size":1.2331584692001343,"orthographic":false}