{"cameraMode":{"drawMode":0,"name":"Shaded","section":"Shading Mode"},"sceneLighting":false,"audioPlay":false,"sceneViewState":{"showFog":true,"showMaterialUpdate":false,"showSkybox":true,"showFlares":true,"showImageEffects":true,"showParticleSystems":true},"in2DMode":false,"pivot":{"x":-0.16135908663272859,"y":-0.10814207792282105,"z":0.23427698016166688},"rotation":{"x":-0.2272082418203354,"y":0.24716390669345857,"z":-0.060030873864889148,"w":-0.9401484131813049},"size":0.9267422556877136,"orthographic":false}