{"cameraMode":{"drawMode":0,"name":"Shaded","section":"Shading Mode"},"sceneLighting":true,"audioPlay":false,"sceneViewState":{"showFog":true,"showMaterialUpdate":false,"showSkybox":true,"showFlares":true,"showImageEffects":true,"showParticleSystems":true},"in2DMode":false,"pivot":{"x":-73.2787094116211,"y":-5.883970260620117,"z":-14.058754920959473},"rotation":{"x":-0.1714613437652588,"y":0.5655062794685364,"z":-0.12164506316184998,"w":-0.7975673079490662},"size":30.09604263305664,"orthographic":false}