{"cameraMode":{"drawMode":0,"name":"Shaded","section":"Shading Mode"},"sceneLighting":false,"audioPlay":false,"sceneViewState":{"showFog":true,"showMaterialUpdate":false,"showSkybox":true,"showFlares":true,"showImageEffects":true,"showParticleSystems":true},"in2DMode":false,"pivot":{"x":0.002999980002641678,"y":0.09224996715784073,"z":0.6067000031471252},"rotation":{"x":-0.15214939415454865,"y":-0.8342225551605225,"z":0.28321269154548647,"w":-0.4480553865432739},"size":0.37353473901748659,"orthographic":false}