{"cameraMode":{"drawMode":0,"name":"Shaded","section":"Shading Mode"},"sceneLighting":false,"audioPlay":false,"sceneViewState":{"showFog":true,"showMaterialUpdate":false,"showSkybox":true,"showFlares":true,"showImageEffects":true,"showParticleSystems":true},"in2DMode":false,"pivot":{"x":81.77460479736328,"y":4.439029693603516,"z":17.688419342041017},"rotation":{"x":-0.09158314019441605,"y":0.3939669132232666,"z":-0.03949328139424324,"w":-0.9137393236160278},"size":22.0,"orthographic":false}