{"cameraMode":{"drawMode":0,"name":"Shaded","section":"Shading Mode"},"sceneLighting":true,"audioPlay":false,"sceneViewState":{"showFog":true,"showMaterialUpdate":false,"showSkybox":true,"showFlares":true,"showImageEffects":true,"showParticleSystems":true},"in2DMode":false,"pivot":{"x":-53.584259033203128,"y":12.291688919067383,"z":-15.397869110107422},"rotation":{"x":0.051846761256456378,"y":0.03326456993818283,"z":-0.0017247957875952125,"w":0.9981102347373962},"size":12.23026180267334,"orthographic":false}