{"cameraMode":{"drawMode":0,"name":"Shaded","section":"Shading Mode"},"sceneLighting":false,"audioPlay":false,"sceneViewState":{"showFog":true,"showMaterialUpdate":false,"showSkybox":false,"showFlares":true,"showImageEffects":true,"showParticleSystems":true},"in2DMode":false,"pivot":{"x":0.21099853515625,"y":-0.016632080078125,"z":-0.040771484375},"rotation":{"x":0.023990442976355554,"y":-0.02488880231976509,"z":0.0005954052903689444,"w":0.999411940574646},"size":1.391492247581482,"orthographic":true}