{"cameraMode":{"drawMode":0,"name":"Shaded","section":"Shading Mode"},"sceneLighting":true,"audioPlay":false,"sceneViewState":{"showFog":true,"showMaterialUpdate":false,"showSkybox":false,"showFlares":true,"showImageEffects":true,"showParticleSystems":true},"in2DMode":false,"pivot":{"x":-0.23759999871253968,"y":-0.039374999701976779,"z":-0.3862498998641968},"rotation":{"x":0.03476297855377197,"y":0.8966286778450012,"z":-0.07140856236219406,"w":0.4357290267944336},"size":0.3396124839782715,"orthographic":true}