{"cameraMode":{"drawMode":0,"name":"Shaded","section":"Shading Mode"},"sceneLighting":false,"audioPlay":false,"sceneViewState":{"showFog":true,"showMaterialUpdate":false,"showSkybox":false,"showFlares":true,"showImageEffects":true,"showParticleSystems":true},"in2DMode":false,"pivot":{"x":-0.07332992553710938,"y":0.09857177734375,"z":-0.084747314453125},"rotation":{"x":0.13337208330631257,"y":0.5438544154167175,"z":-0.08804452419281006,"w":0.8238282203674316},"size":1.4876222610473633,"orthographic":true}