{"cameraMode":{"drawMode":0,"name":"Shaded","section":"Shading Mode"},"sceneLighting":false,"audioPlay":false,"sceneViewState":{"showFog":true,"showMaterialUpdate":false,"showSkybox":false,"showFlares":true,"showImageEffects":true,"showParticleSystems":true},"in2DMode":false,"pivot":{"x":1.862645149230957e-9,"y":0.07699999958276749,"z":0.06499999761581421},"rotation":{"x":0.09667227417230606,"y":0.8943418860435486,"z":-0.2345597892999649,"w":0.3685377836227417},"size":0.6196714043617249,"orthographic":true}