{"cameraMode":{"drawMode":0,"name":"Shaded","section":"Shading Mode"},"sceneLighting":true,"audioPlay":false,"sceneViewState":{"showFog":true,"showMaterialUpdate":false,"showSkybox":false,"showFlares":true,"showImageEffects":true,"showParticleSystems":true},"in2DMode":false,"pivot":{"x":-5.631054401397705,"y":1.6481349468231202,"z":6.755207061767578},"rotation":{"x":-0.14226071536540986,"y":0.6348775625228882,"z":-0.12045130878686905,"w":-0.7498002052307129},"size":4.540064811706543,"orthographic":false}