{"cameraMode":{"drawMode":0,"name":"Shaded","section":"Shading Mode"},"sceneLighting":true,"audioPlay":false,"sceneViewState":{"showFog":true,"showMaterialUpdate":false,"showSkybox":true,"showFlares":true,"showImageEffects":true,"showParticleSystems":true},"in2DMode":false,"pivot":{"x":320.3639221191406,"y":1.8508224487304688,"z":-1.103621482849121},"rotation":{"x":-0.4484685957431793,"y":0.028679799288511277,"z":-0.014399568550288678,"w":-0.8932223320007324},"size":26.74578857421875,"orthographic":false}