{"cameraMode":{"drawMode":0,"name":"Shaded","section":"Shading Mode"},"sceneLighting":false,"audioPlay":false,"sceneViewState":{"showFog":true,"showMaterialUpdate":false,"showSkybox":true,"showFlares":true,"showImageEffects":true,"showParticleSystems":true},"in2DMode":false,"pivot":{"x":-0.17527593672275544,"y":-0.5000001192092896,"z":0.5000001788139343},"rotation":{"x":0.2940824329853058,"y":0.32917532324790957,"z":-0.10868271440267563,"w":0.8907004594802856},"size":2.407282590866089,"orthographic":false}