{"cameraMode":{"drawMode":0,"name":"Shaded","section":"Shading Mode"},"sceneLighting":false,"audioPlay":false,"sceneViewState":{"showFog":true,"showMaterialUpdate":false,"showSkybox":true,"showFlares":true,"showImageEffects":true,"showParticleSystems":true},"in2DMode":false,"pivot":{"x":-0.22001390159130097,"y":-1.1388068199157715,"z":-0.0735715925693512},"rotation":{"x":-0.42366790771484377,"y":0.5713151693344116,"z":-0.5445353984832764,"w":-0.4445061683654785},"size":5.022873878479004,"orthographic":false}