{"cameraMode":{"drawMode":0,"name":"Shaded","section":"Shading Mode"},"sceneLighting":false,"audioPlay":false,"sceneViewState":{"showFog":true,"showMaterialUpdate":false,"showSkybox":true,"showFlares":true,"showImageEffects":true,"showParticleSystems":true},"in2DMode":false,"pivot":{"x":0.0,"y":2.678798198699951,"z":0.05658790469169617},"rotation":{"x":0.2940824329853058,"y":0.32917532324790957,"z":-0.10868271440267563,"w":0.8907004594802856},"size":5.2177815437316898,"orthographic":false}