{"cameraMode":{"drawMode":0,"name":"Shaded","section":"Shading Mode"},"sceneLighting":false,"audioPlay":false,"sceneViewState":{"showFog":true,"showMaterialUpdate":false,"showSkybox":true,"showFlares":true,"showImageEffects":true,"showParticleSystems":true},"in2DMode":false,"pivot":{"x":-10.277877807617188,"y":1.4232124090194703,"z":-0.6070782542228699},"rotation":{"x":-0.13582003116607667,"y":-0.8079645037651062,"z":0.20492935180664063,"w":-0.5354907512664795},"size":3.9938623905181886,"orthographic":false}