{"cameraMode":{"drawMode":0,"name":"Shaded","section":"Shading Mode"},"sceneLighting":false,"audioPlay":false,"sceneViewState":{"showFog":true,"showMaterialUpdate":false,"showSkybox":true,"showFlares":true,"showImageEffects":true,"showParticleSystems":true},"in2DMode":false,"pivot":{"x":1.3783035278320313,"y":3.378574848175049,"z":1.7443119287490845},"rotation":{"x":0.2381173074245453,"y":0.48453935980796816,"z":-0.13897725939750672,"w":0.8301849961280823},"size":6.809074878692627,"orthographic":false}