{"cameraMode":{"drawMode":0,"name":"Shaded","section":"Shading Mode"},"sceneLighting":false,"audioPlay":false,"sceneViewState":{"showFog":true,"showMaterialUpdate":false,"showSkybox":true,"showFlares":true,"showImageEffects":true,"showParticleSystems":true},"in2DMode":false,"pivot":{"x":-3.081782817840576,"y":-1.0475983619689942,"z":2.9972286224365236},"rotation":{"x":0.09812609851360321,"y":-0.04833737015724182,"z":0.004772285930812359,"w":0.9939879775047302},"size":12.247088432312012,"orthographic":false}