{"cameraMode":{"drawMode":0,"name":"Shaded","section":"Shading Mode"},"sceneLighting":false,"audioPlay":false,"sceneViewState":{"showFog":true,"showMaterialUpdate":false,"showSkybox":true,"showFlares":true,"showImageEffects":true,"showParticleSystems":true},"in2DMode":false,"pivot":{"x":0.5046477913856506,"y":-2.2886099815368654,"z":1.5828096866607667},"rotation":{"x":-0.5112484097480774,"y":-0.11225929856300354,"z":0.06756908446550369,"w":-0.84938645362854},"size":7.7316575050354,"orthographic":false}