{"cameraMode":{"drawMode":0,"name":"Shaded","section":"Shading Mode"},"sceneLighting":false,"audioPlay":false,"sceneViewState":{"showFog":true,"showMaterialUpdate":false,"showSkybox":true,"showFlares":true,"showImageEffects":true,"showParticleSystems":true},"in2DMode":false,"pivot":{"x":0.46756887435913088,"y":1.6886848211288453,"z":7.2702412605285648},"rotation":{"x":-0.3149833679199219,"y":-0.6196486353874207,"z":0.2984210252761841,"w":-0.6540382504463196},"size":14.985712051391602,"orthographic":false}