{"cameraMode":{"drawMode":0,"name":"Shaded","section":"Shading Mode"},"sceneLighting":false,"audioPlay":false,"sceneViewState":{"showFog":true,"showMaterialUpdate":false,"showSkybox":true,"showFlares":true,"showImageEffects":true,"showParticleSystems":true},"in2DMode":false,"pivot":{"x":5.8837738037109379,"y":-0.6624784469604492,"z":0.7780035734176636},"rotation":{"x":-0.46806153655052187,"y":-0.165944442152977,"z":0.08997103571891785,"w":-0.863299548625946},"size":11.980520248413086,"orthographic":false}