{"cameraMode":{"drawMode":0,"name":"Shaded","section":"Shading Mode"},"sceneLighting":false,"audioPlay":false,"sceneViewState":{"showFog":true,"showMaterialUpdate":false,"showSkybox":true,"showFlares":true,"showImageEffects":true,"showParticleSystems":true},"in2DMode":false,"pivot":{"x":0.21790653467178346,"y":-2.0528454780578615,"z":0.6395070552825928},"rotation":{"x":0.4120796024799347,"y":-0.5869618654251099,"z":0.5141817927360535,"w":0.4704076945781708},"size":5.495949745178223,"orthographic":false}