{"cameraMode":{"drawMode":0,"name":"Shaded","section":"Shading Mode"},"sceneLighting":false,"audioPlay":false,"sceneViewState":{"showFog":true,"showMaterialUpdate":false,"showSkybox":true,"showFlares":true,"showImageEffects":true,"showParticleSystems":true},"in2DMode":false,"pivot":{"x":-1.3599319458007813,"y":2.444631576538086,"z":-2.404520034790039},"rotation":{"x":0.2135993391275406,"y":-0.620781421661377,"z":0.18107916414737702,"w":0.7322677373886108},"size":5.043630123138428,"orthographic":false}