{"cameraMode":{"drawMode":0,"name":"Shaded","section":"Shading Mode"},"sceneLighting":false,"audioPlay":false,"sceneViewState":{"showFog":true,"showMaterialUpdate":false,"showSkybox":true,"showFlares":true,"showImageEffects":true,"showParticleSystems":true},"in2DMode":false,"pivot":{"x":0.014999985694885254,"y":1.0,"z":-1.3665000200271607},"rotation":{"x":0.33433669805526736,"y":0.2750054597854614,"z":-0.1026613786816597,"w":0.8955734372138977},"size":6.426887035369873,"orthographic":true}