{"cameraMode":{"drawMode":0,"name":"Shaded","section":"Shading Mode"},"sceneLighting":false,"audioPlay":false,"sceneViewState":{"showFog":true,"showMaterialUpdate":false,"showSkybox":true,"showFlares":true,"showImageEffects":true,"showParticleSystems":true},"in2DMode":false,"pivot":{"x":-0.4940851330757141,"y":0.6990001201629639,"z":-1.7881393432617188e-7},"rotation":{"x":0.4483097195625305,"y":0.23136276006698609,"z":-0.12133397907018662,"w":0.8548495173454285},"size":20.668058395385743,"orthographic":false}