{"cameraMode":{"drawMode":0,"name":"Shaded","section":"Shading Mode"},"sceneLighting":false,"audioPlay":false,"sceneViewState":{"showFog":true,"showMaterialUpdate":false,"showSkybox":true,"showFlares":true,"showImageEffects":true,"showParticleSystems":true},"in2DMode":false,"pivot":{"x":-0.13836722075939179,"y":-0.7646569013595581,"z":1.2230397462844849},"rotation":{"x":0.57021564245224,"y":0.016016557812690736,"z":-0.011120447888970375,"w":0.8212636709213257},"size":5.422175407409668,"orthographic":false}