{"cameraMode":{"drawMode":0,"name":"Shaded","section":"Shading Mode"},"sceneLighting":false,"audioPlay":false,"sceneViewState":{"showFog":true,"showMaterialUpdate":false,"showSkybox":true,"showFlares":true,"showImageEffects":true,"showParticleSystems":true},"in2DMode":false,"pivot":{"x":0.6109555959701538,"y":-0.3571593463420868,"z":1.064734935760498},"rotation":{"x":-0.15032729506492616,"y":-0.8461270332336426,"z":0.3170349597930908,"w":-0.4011978209018707},"size":5.821199893951416,"orthographic":true}