{"cameraMode":{"drawMode":0,"name":"Shaded","section":"Shading Mode"},"sceneLighting":false,"audioPlay":false,"sceneViewState":{"showFog":true,"showMaterialUpdate":false,"showSkybox":true,"showFlares":true,"showImageEffects":true,"showParticleSystems":true},"in2DMode":false,"pivot":{"x":5.39448881149292,"y":4.559466361999512,"z":-1.1551120281219483},"rotation":{"x":0.26729288697242739,"y":0.5201208591461182,"z":-0.17554304003715516,"w":0.7919687032699585},"size":7.409973621368408,"orthographic":false}