{"cameraMode":{"drawMode":0,"name":"Shaded","section":"Shading Mode"},"sceneLighting":false,"audioPlay":false,"sceneViewState":{"showFog":true,"showMaterialUpdate":false,"showSkybox":true,"showFlares":true,"showImageEffects":true,"showParticleSystems":true},"in2DMode":false,"pivot":{"x":-0.0260009765625,"y":2.8054046630859377,"z":0.0863037109375},"rotation":{"x":-0.010040681809186936,"y":0.9432579278945923,"z":-0.028579464182257654,"w":-0.33068549633026125},"size":1.0874799489974976,"orthographic":true}