{"cameraMode":{"drawMode":0,"name":"Shaded","section":"Shading Mode"},"sceneLighting":false,"audioPlay":false,"sceneViewState":{"showFog":true,"showMaterialUpdate":false,"showSkybox":true,"showFlares":true,"showImageEffects":true,"showParticleSystems":true},"in2DMode":false,"pivot":{"x":-0.3458085358142853,"y":-1.8579216003417969,"z":-1.4791866540908814},"rotation":{"x":-0.06833961606025696,"y":-0.8926595449447632,"z":0.4213377833366394,"w":-0.14478670060634614},"size":4.528980731964111,"orthographic":false}