{"cameraMode":{"drawMode":0,"name":"Shaded","section":"Shading Mode"},"sceneLighting":false,"audioPlay":false,"sceneViewState":{"showFog":true,"showMaterialUpdate":false,"showSkybox":true,"showFlares":true,"showImageEffects":true,"showParticleSystems":true},"in2DMode":false,"pivot":{"x":30.86591339111328,"y":-51.601844787597659,"z":54.1790657043457},"rotation":{"x":0.3040279150009155,"y":0.3900236487388611,"z":-0.1381850689649582,"w":0.8581107258796692},"size":221.90826416015626,"orthographic":false}