{"cameraMode":{"drawMode":0,"name":"Shaded","section":"Shading Mode"},"sceneLighting":false,"audioPlay":false,"sceneViewState":{"showFog":true,"showMaterialUpdate":false,"showSkybox":true,"showFlares":true,"showImageEffects":true,"showParticleSystems":true},"in2DMode":false,"pivot":{"x":-1.9889719486236573,"y":-0.7094599008560181,"z":-1.4154473543167115},"rotation":{"x":0.11337398737668991,"y":-0.8706808090209961,"z":0.23759731650352479,"w":0.4154622256755829},"size":6.052121639251709,"orthographic":false}