{"cameraMode":{"drawMode":0,"name":"Shaded","section":"Shading Mode"},"sceneLighting":false,"audioPlay":false,"sceneViewState":{"showFog":true,"showMaterialUpdate":false,"showSkybox":true,"showFlares":true,"showImageEffects":true,"showParticleSystems":true},"in2DMode":false,"pivot":{"x":17.94341468811035,"y":0.5840826630592346,"z":0.0},"rotation":{"x":0.4483097195625305,"y":0.23136276006698609,"z":-0.12133397907018662,"w":0.8548495173454285},"size":9.496631622314454,"orthographic":false}