{"cameraMode":{"drawMode":0,"name":"Shaded","section":"Shading Mode"},"sceneLighting":false,"audioPlay":false,"sceneViewState":{"showFog":true,"showMaterialUpdate":false,"showSkybox":true,"showFlares":true,"showImageEffects":true,"showParticleSystems":true},"in2DMode":false,"pivot":{"x":-6.041629791259766,"y":3.4197254180908205,"z":-2.664003372192383},"rotation":{"x":0.24213968217372895,"y":0.34725984930992129,"z":-0.0933089405298233,"w":0.9011505842208862},"size":22.0,"orthographic":false}