{"cameraMode":{"drawMode":0,"name":"Shaded","section":"Shading Mode"},"sceneLighting":false,"audioPlay":false,"sceneViewState":{"showFog":true,"showMaterialUpdate":false,"showSkybox":true,"showFlares":true,"showImageEffects":true,"showParticleSystems":true},"in2DMode":false,"pivot":{"x":-0.5456100702285767,"y":-0.7258388996124268,"z":0.6691197156906128},"rotation":{"x":-0.3207450211048126,"y":0.5206758975982666,"z":-0.21971476078033448,"w":-0.7600951790809631},"size":1.8072826862335206,"orthographic":false}