{"cameraMode":{"drawMode":0,"name":"Shaded","section":"Shading Mode"},"sceneLighting":false,"audioPlay":false,"sceneViewState":{"showFog":true,"showMaterialUpdate":false,"showSkybox":true,"showFlares":true,"showImageEffects":true,"showParticleSystems":true},"in2DMode":false,"pivot":{"x":349.90252685546877,"y":1.56850004196167,"z":0.45399999618530276},"rotation":{"x":0.4800719618797302,"y":0.2458677738904953,"z":-0.14221465587615968,"w":0.8299729228019714},"size":1.9776217937469483,"orthographic":false}