{"cameraMode":{"drawMode":0,"name":"Shaded","section":"Shading Mode"},"sceneLighting":false,"audioPlay":false,"sceneViewState":{"showFog":true,"showMaterialUpdate":false,"showSkybox":true,"showFlares":true,"showImageEffects":true,"showParticleSystems":true},"in2DMode":false,"pivot":{"x":2.226375102996826,"y":0.35071325302124026,"z":0.523769736289978},"rotation":{"x":-0.11933966726064682,"y":-0.7623379230499268,"z":0.14700856804847718,"w":-0.6188598275184631},"size":18.310468673706056,"orthographic":false}