{"cameraMode":{"drawMode":0,"name":"Shaded","section":"Shading Mode"},"sceneLighting":false,"audioPlay":false,"sceneViewState":{"showFog":true,"showMaterialUpdate":false,"showSkybox":true,"showFlares":true,"showImageEffects":true,"showParticleSystems":true},"in2DMode":false,"pivot":{"x":11.321386337280274,"y":-4.229162216186523,"z":3.977273941040039},"rotation":{"x":0.3005644381046295,"y":0.4831366240978241,"z":-0.18102706968784333,"w":0.8021658062934876},"size":54.03242492675781,"orthographic":false}