{"cameraMode":{"drawMode":0,"name":"Shaded","section":"Shading Mode"},"sceneLighting":false,"audioPlay":false,"sceneViewState":{"showFog":true,"showMaterialUpdate":false,"showSkybox":true,"showFlares":true,"showImageEffects":true,"showParticleSystems":true},"in2DMode":false,"pivot":{"x":114.12805938720703,"y":2.3409998416900636,"z":22.387998580932618},"rotation":{"x":-0.11895930767059326,"y":-0.8630662560462952,"z":0.2397056221961975,"w":-0.42842188477516177},"size":0.4306240975856781,"orthographic":false}