{"cameraMode":{"drawMode":0,"name":"Shaded","section":"Shading Mode"},"sceneLighting":false,"audioPlay":false,"sceneViewState":{"showFog":true,"showMaterialUpdate":false,"showSkybox":true,"showFlares":true,"showImageEffects":true,"showParticleSystems":true},"in2DMode":false,"pivot":{"x":75.184814453125,"y":0.7317008972167969,"z":10.505013465881348},"rotation":{"x":-0.15984641015529633,"y":0.8330697417259216,"z":-0.3101372718811035,"w":-0.4293016493320465},"size":21.642738342285158,"orthographic":false}