{"cameraMode":{"drawMode":0,"name":"Shaded","section":"Shading Mode"},"sceneLighting":false,"audioPlay":false,"sceneViewState":{"showFog":true,"showMaterialUpdate":false,"showSkybox":true,"showFlares":true,"showImageEffects":true,"showParticleSystems":true},"in2DMode":false,"pivot":{"x":-0.9179859757423401,"y":0.7160930633544922,"z":0.19845440983772279},"rotation":{"x":-0.07822910696268082,"y":0.6618592143058777,"z":-0.07006173580884934,"w":-0.7423693537712097},"size":1.4935953617095948,"orthographic":false}