{"cameraMode":{"drawMode":0,"name":"Shaded","section":"Shading Mode"},"sceneLighting":false,"audioPlay":false,"sceneViewState":{"showFog":true,"showMaterialUpdate":false,"showSkybox":true,"showFlares":true,"showImageEffects":true,"showParticleSystems":true},"in2DMode":false,"pivot":{"x":-0.016294553875923158,"y":0.0006714463233947754,"z":-7.865054130554199},"rotation":{"x":-0.4994370639324188,"y":0.499891459941864,"z":-0.4862748682498932,"w":-0.5142063498497009},"size":1.4641673564910889,"orthographic":false}