{"cameraMode":{"drawMode":0,"name":"Shaded","section":"Shading Mode"},"sceneLighting":false,"audioPlay":false,"sceneViewState":{"showFog":true,"showMaterialUpdate":false,"showSkybox":true,"showFlares":true,"showImageEffects":true,"showParticleSystems":true},"in2DMode":false,"pivot":{"x":-8.006220817565918,"y":0.7959146499633789,"z":1.9770660400390626},"rotation":{"x":-0.1914566308259964,"y":0.41508573293685915,"z":-0.09012530744075775,"w":-0.8849375247955322},"size":25.04961395263672,"orthographic":false}