{"cameraMode":{"drawMode":0,"name":"Shaded","section":"Shading Mode"},"sceneLighting":false,"audioPlay":false,"sceneViewState":{"showFog":true,"showMaterialUpdate":false,"showSkybox":true,"showFlares":true,"showImageEffects":true,"showParticleSystems":true},"in2DMode":false,"pivot":{"x":0.2889334261417389,"y":-0.25352752208709719,"z":0.18370755016803742},"rotation":{"x":-0.2160961776971817,"y":0.5759307742118836,"z":-0.16160452365875245,"w":-0.7718047499656677},"size":1.2216182947158814,"orthographic":false}