{"cameraMode":{"drawMode":0,"name":"Shaded","section":"Shading Mode"},"sceneLighting":false,"audioPlay":false,"sceneViewState":{"showFog":true,"showMaterialUpdate":false,"showSkybox":true,"showFlares":true,"showImageEffects":true,"showParticleSystems":true},"in2DMode":false,"pivot":{"x":-0.41702133417129519,"y":-5.028180122375488,"z":0.030866902321577073},"rotation":{"x":-0.5104104280471802,"y":0.4853554964065552,"z":-0.45540928840637209,"w":-0.5447128415107727},"size":6.5559282302856449,"orthographic":false}