{"cameraMode":{"drawMode":0,"name":"Shaded","section":"Shading Mode"},"sceneLighting":false,"audioPlay":false,"sceneViewState":{"showFog":true,"showMaterialUpdate":false,"showSkybox":true,"showFlares":true,"showImageEffects":true,"showParticleSystems":true},"in2DMode":false,"pivot":{"x":-0.030882801860570909,"y":-0.04573790729045868,"z":0.32768869400024416},"rotation":{"x":-0.227360799908638,"y":0.5305770635604858,"z":-0.15062403678894044,"w":-0.8026837706565857},"size":0.9925407767295837,"orthographic":false}