{"cameraMode":{"drawMode":0,"name":"Shaded","section":"Shading Mode"},"sceneLighting":false,"audioPlay":false,"sceneViewState":{"showFog":true,"showMaterialUpdate":false,"showSkybox":true,"showFlares":true,"showImageEffects":true,"showParticleSystems":true},"in2DMode":false,"pivot":{"x":0.10097140073776245,"y":0.18867063522338868,"z":0.34637904167175295},"rotation":{"x":0.021161934360861779,"y":-0.9497292637825012,"z":0.06593417376279831,"w":0.3053886294364929},"size":1.0724999904632569,"orthographic":false}