{"cameraMode":{"drawMode":0,"name":"Shaded","section":"Shading Mode"},"sceneLighting":false,"audioPlay":false,"sceneViewState":{"showFog":true,"showMaterialUpdate":false,"showSkybox":true,"showFlares":true,"showImageEffects":true,"showParticleSystems":true},"in2DMode":false,"pivot":{"x":-5.182531833648682,"y":-2.943068742752075,"z":2.2355899810791017},"rotation":{"x":-0.19432410597801209,"y":0.4369339346885681,"z":-0.09762955456972122,"w":-0.8729219436645508},"size":13.14460563659668,"orthographic":false}